equipo,elo_actual,partidos_totales,ultimo_partido,goles_for_forma,goles_contra_forma,total_goles_forma,over25_forma,long_over25_rate,puntos_forma,varianza_goles_8,shots_for_forma,shots_contra_forma,xg_for_forma,xg_contra_forma,varianza_shots_8
Spain,2052.3967355916693,153,2026-06-26,1.75,0.5,2.25,0.5,0.75,2.0,2.6875,,,,,0.0
Argentina,2049.5718021667976,155,2026-06-27,2.75,0.25,3.0,0.625,0.5,3.0,1.0,,,,,0.0
France,1989.7612289068245,164,2026-06-26,2.75,1.0,3.75,1.0,0.75,2.625,0.4375,,,,,0.0
Brazil,1968.9092576184617,150,2026-06-24,2.5,1.0,3.5,0.75,0.6,2.125,3.25,,,,,0.0
England,1954.436198621966,158,2026-06-27,1.625,0.5,2.125,0.25,0.5,2.125,2.859375,,,,,0.0
Colombia,1939.8434745180118,147,2026-06-27,1.75,0.875,2.625,0.625,0.65,2.0,1.984375,,,,,0.0
Portugal,1920.4720025619579,160,2026-06-27,2.625,0.5,3.125,0.5,0.55,2.25,9.109375,,,,,0.0
Japan,1920.4171549813377,124,2026-06-25,1.25,0.625,1.875,0.25,0.45,1.875,1.859375,,,,,0.0
Morocco,1919.53428195238,149,2026-06-24,2.375,0.75,3.125,0.5,0.35,2.25,2.609375,,,,,0.0
Germany,1902.1976680548664,159,2026-06-25,3.5,1.125,4.625,1.0,0.7,2.625,3.734375,,,,,0.0
Netherlands,1897.8771865328897,148,2026-06-25,2.375,1.0,3.375,0.75,0.65,2.125,1.984375,,,,,0.0
Mexico,1863.0424396613557,210,2026-06-24,1.875,0.25,2.125,0.25,0.35,2.5,2.859375,,,,,0.0
Ecuador,1857.8841222333208,134,2026-06-25,1.375,0.625,2.0,0.375,0.25,1.875,1.0,,,,,0.0
Iran,1857.6054745659108,135,2026-06-26,2.0,0.75,2.75,0.5,0.5,1.875,2.1875,,,,,0.0
Senegal,1849.8244583660028,147,2026-06-26,1.875,1.625,3.5,0.75,0.65,1.25,2.75,,,,,0.0
Belgium,1847.8300728952267,153,2026-06-26,3.25,0.625,3.875,0.5,0.55,2.25,6.359375,,,,,0.0
Uruguay,1838.051614550268,140,2026-06-26,0.875,1.375,2.25,0.375,0.25,1.0,3.6875,,,,,0.0
Norway,1836.0669989545909,126,2026-06-26,2.125,1.5,3.625,0.75,0.75,1.75,2.984375,,,,,0.0
Algeria,1835.0893167532747,146,2026-06-27,2.125,1.125,3.25,0.625,0.6,1.75,4.9375,,,,,0.0
Croatia,1830.5035274387278,150,2026-06-27,1.625,1.75,3.375,0.75,0.6,1.875,2.234375,,,,,0.0
Switzerland,1829.1354092493966,147,2026-06-24,2.0,1.25,3.25,0.5,0.6,1.625,4.4375,,,,,0.0
South Korea,1824.5386322883198,159,2026-06-24,1.125,1.0,2.125,0.375,0.4,1.5,2.359375,,,,,0.0
Canada,1812.830019686371,126,2026-06-24,1.875,0.75,2.625,0.375,0.35,1.625,2.734375,,,,,0.0
Australia,1809.5227840929172,128,2026-06-25,0.5,1.25,1.75,0.25,0.35,0.625,0.9375,,,,,0.0
Italy,1808.730268230851,144,2026-06-07,1.75,0.75,2.5,0.375,0.65,2.375,1.75,,,,,0.0
United States,1808.0579947788901,189,2026-06-25,2.375,2.0,4.375,0.75,0.7,1.5,2.984375,,,,,0.0
Denmark,1806.4138620607603,136,2026-06-07,2.625,1.25,3.875,0.875,0.65,1.875,3.109375,,,,,0.0
Egypt,1804.9921070437329,133,2026-06-26,1.375,0.625,2.0,0.375,0.35,1.625,2.25,,,,,0.0
Ivory Coast,1789.9218338493404,144,2026-06-25,2.0,0.75,2.75,0.625,0.45,2.25,1.6875,,,,,0.0
Austria,1786.409870784349,131,2026-06-27,2.0,1.0,3.0,0.375,0.45,2.125,3.75,,,,,0.0
Turkey,1785.9281275634803,142,2026-06-25,1.625,1.0,2.625,0.5,0.65,2.0,2.234375,,,,,0.0
Nigeria,1781.8994839933669,141,2026-06-10,1.625,0.875,2.5,0.625,0.55,1.625,2.5,,,,,0.0
Russia,1759.5963183218798,121,2026-06-09,1.625,0.625,2.25,0.5,0.7,1.75,1.4375,,,,,0.0
Uzbekistan,1741.2778316461277,128,2026-06-27,1.0,2.375,3.375,0.75,0.5,0.5,0.984375,,,,,0.0
Panama,1737.531038845332,168,2026-06-27,1.25,1.875,3.125,0.375,0.35,1.0,5.609375,,,,,0.0
Paraguay,1734.3870904053863,121,2026-06-25,1.375,1.125,2.5,0.625,0.45,1.625,2.5,,,,,0.0
Iraq,1718.3333940047905,128,2026-06-26,0.875,2.125,3.0,0.625,0.4,1.25,1.75,,,,,0.0
Serbia,1717.7917646671917,129,2026-06-04,1.0,2.125,3.125,0.75,0.45,1.125,1.859375,,,,,0.0
United Arab Emirates,1716.6042773358972,125,2025-11-18,1.25,1.0,2.25,0.5,0.55,1.5,1.4375,,,,,0.0
Mali,1706.0627296478938,116,2026-06-04,0.75,1.0,1.75,0.125,0.25,1.0,2.1875,,,,,0.0
DR Congo,1704.9324845197782,132,2026-06-27,1.0,0.75,1.75,0.25,0.3,1.375,1.4375,,,,,0.0
Costa Rica,1704.8106990469944,160,2026-06-10,0.875,1.875,2.75,0.625,0.75,0.75,3.9375,,,,,0.0
Scotland,1704.6930083737393,124,2026-06-24,1.625,1.125,2.75,0.5,0.55,1.5,3.6875,,,,,0.0
Ukraine,1688.6086891518796,127,2026-06-07,1.75,1.625,3.375,0.625,0.55,1.875,3.984375,,,,,0.0
Greece,1688.5224967338581,124,2026-06-07,0.875,1.5,2.375,0.5,0.6,0.75,3.734375,,,,,0.0
Tunisia,1687.7601106682582,146,2026-06-25,0.5,2.375,2.875,0.5,0.5,0.625,4.109375,,,,,0.0
Poland,1678.8061357465347,137,2026-06-03,1.625,1.375,3.0,0.5,0.55,1.75,2.0,,,,,0.0
Chile,1678.195542001642,142,2026-06-09,1.125,1.25,2.375,0.625,0.55,1.625,0.984375,,,,,0.0
Czechia,1678.006979629222,136,2026-06-24,2.375,1.5,3.875,0.875,0.6,1.5,1.859375,,,,,0.0
Sweden,1674.6795849112073,152,2026-06-25,2.125,2.0,4.125,0.75,0.65,1.5,2.109375,,,,,0.0
Occitania,1670.6895773399535,1,2014-12-30,5.0,1.0,6.0,1.0,1.0,3.0,0.0,,,,,0.0
Cameroon,1668.6735274805615,140,2026-01-09,1.0,0.75,1.75,0.25,0.35,1.75,0.9375,,,,,0.0
Saudi Arabia,1666.685544333873,145,2026-06-26,0.75,1.625,2.375,0.625,0.4,0.75,2.234375,,,,,0.0
Venezuela,1662.005773232661,116,2026-06-09,0.875,2.0,2.875,0.375,0.45,0.75,5.859375,,,,,0.0
Padania,1661.6494644764523,15,2019-06-08,1.625,0.75,2.375,0.375,0.4,1.5,1.484375,,,,,0.0
Haiti,1659.701404878671,97,2026-06-24,1.25,1.5,2.75,0.5,0.6,0.875,2.4375,,,,,0.0
Jordan,1656.6010945715584,151,2026-06-27,1.25,2.625,3.875,0.875,0.6,0.25,0.859375,,,,,0.0
Honduras,1654.397410754574,141,2026-06-06,0.875,0.75,1.625,0.25,0.35,1.25,1.984375,,,,,0.0
Jamaica,1652.310799825866,142,2026-06-06,0.875,0.625,1.5,0.125,0.35,1.375,1.25,,,,,0.0
Peru,1648.9682542696453,145,2026-06-08,1.0,1.75,2.75,0.625,0.4,0.625,0.9375,,,,,0.0
South Africa,1648.7553231754118,125,2026-06-24,0.75,1.0,1.75,0.25,0.4,1.125,0.9375,,,,,0.0
Wales,1645.4878763300756,123,2026-06-06,1.75,1.625,3.375,0.5,0.5,1.125,4.984375,,,,,0.0
New Zealand,1642.103275058634,62,2026-06-26,0.75,2.5,3.25,0.625,0.6,0.25,2.1875,,,,,0.0
Hungary,1640.8569905400705,128,2026-06-09,1.625,0.875,2.5,0.5,0.55,2.125,2.75,,,,,0.0
Burkina Faso,1635.2104941111097,132,2026-06-09,1.5,1.375,2.875,0.625,0.6,1.375,1.359375,,,,,0.0
Kosovo,1631.8180745738944,103,2026-06-07,1.5,0.875,2.375,0.375,0.6,1.75,3.984375,,,,,0.0
Cape Verde,1625.0606415049365,99,2026-06-26,1.5,1.0,2.5,0.625,0.4,1.625,3.75,,,,,0.0
Slovenia,1623.6702240044117,120,2026-06-07,0.75,1.125,1.875,0.25,0.4,0.875,2.359375,,,,,0.0
Republic of Ireland,1620.9531185321862,128,2026-06-05,1.875,0.625,2.5,0.375,0.45,2.25,3.25,,,,,0.0
Curaçao,1617.4141142782385,88,2026-06-25,1.75,1.75,3.5,0.5,0.5,1.125,8.0,,,,,0.0
Oman,1611.594801890528,121,2026-06-05,0.5,1.375,1.875,0.375,0.3,0.75,1.359375,,,,,0.0
Slovakia,1611.0818447956096,131,2026-06-05,1.5,1.875,3.375,0.5,0.4,1.625,3.984375,,,,,0.0
Guatemala,1610.9042241649,115,2026-06-07,1.125,2.625,3.75,0.625,0.55,1.0,3.9375,,,,,0.0
Bolivia,1609.2844264207909,119,2026-06-10,0.875,1.875,2.75,0.625,0.55,0.875,0.9375,,,,,0.0
Qatar,1606.701437291786,158,2026-06-24,0.625,1.75,2.375,0.5,0.75,0.75,3.734375,,,,,0.0
Ghana,1602.9240415266713,126,2026-06-27,0.625,1.625,2.25,0.375,0.35,0.625,2.9375,,,,,0.0
Basque Country,1601.359682453563,9,2025-11-15,1.875,0.75,2.625,0.5,0.4444444444444444,2.25,2.984375,,,,,0.0
Georgia,1601.2463169503453,123,2026-06-05,1.125,1.875,3.0,0.5,0.5,1.0,1.25,,,,,0.0
Suriname,1592.5915141290845,68,2026-03-26,1.25,1.0,2.25,0.5,0.4,1.25,2.1875,,,,,0.0
Northern Cyprus,1591.2161060179467,5,2017-06-10,2.4,0.4,2.8,0.4,0.4,2.2,7.76,,,,,0.0
Albania,1587.613193837374,123,2026-06-06,0.875,1.125,2.0,0.25,0.25,1.125,2.75,,,,,0.0
Romania,1578.7999822353243,125,2026-06-06,1.75,1.25,3.0,0.5,0.65,1.625,4.5,,,,,0.0
Angola,1575.649469274212,97,2026-06-09,1.125,1.0,2.125,0.375,0.35,1.25,2.359375,,,,,0.0
Guadeloupe,1568.1774001153974,54,2025-06-24,1.75,1.25,3.0,0.5,0.6,1.625,6.25,,,,,0.0
Trinidad and Tobago,1567.840599165294,122,2026-06-09,0.875,2.125,3.0,0.625,0.6,0.75,1.0,,,,,0.0
Palestine,1556.4535537317893,90,2026-06-09,0.625,0.75,1.375,0.25,0.4,1.25,1.484375,,,,,0.0
Gabon,1556.409897118658,107,2025-12-31,1.875,1.75,3.625,0.625,0.55,1.25,4.984375,,,,,0.0
Syria,1554.0594317625282,106,2026-06-05,2.5,1.25,3.75,0.75,0.5,2.0,2.4375,,,,,0.0
Guinea,1551.5042986321137,111,2026-06-04,1.125,1.0,2.125,0.375,0.45,1.25,1.859375,,,,,0.0
Dominican Republic,1545.2416694246417,70,2026-06-03,1.5,2.125,3.625,0.75,0.7,0.5,4.484375,,,,,0.0
Indonesia,1543.3707821194291,91,2026-06-09,1.625,1.25,2.875,0.5,0.45,1.625,5.359375,,,,,0.0
Panjab,1539.0414224353367,7,2019-12-29,3.7142857142857144,1.5714285714285714,5.285714285714286,0.7142857142857143,0.7142857142857143,1.7142857142857142,9.061224489795917,,,,,0.0
China,1538.9166831786972,111,2026-06-09,0.75,1.25,2.0,0.375,0.45,1.0,2.0,,,,,0.0
Catalonia,1538.0527281157188,4,2019-03-25,1.5,1.5,3.0,0.5,0.5,1.25,3.5,,,,,0.0
Malaysia,1536.3926097006656,101,2025-11-18,2.125,0.75,2.875,0.625,0.55,2.375,2.359375,,,,,0.0
County of Nice,1535.7187677429647,4,2015-06-21,2.75,2.0,4.75,1.0,1.0,2.25,0.1875,,,,,0.0
Thailand,1535.0175260021326,92,2026-06-09,2.5,1.0,3.5,0.625,0.45,2.125,4.0,,,,,0.0
Israel,1534.5420225712287,101,2026-06-03,1.875,2.0,3.875,0.75,0.75,1.375,6.609375,,,,,0.0
Yorkshire,1534.0847640954453,6,2019-05-04,4.333333333333333,1.8333333333333333,6.166666666666667,0.8333333333333334,0.8333333333333334,2.1666666666666665,7.805555555555556,,,,,0.0
Bahrain,1533.971981923391,125,2026-06-05,0.5,1.375,1.875,0.25,0.35,0.5,1.109375,,,,,0.0
Northern Ireland,1533.822002962516,118,2026-06-08,0.75,1.0,1.75,0.125,0.35,1.25,0.9375,,,,,0.0
Chameria,1533.6381484529034,7,2023-07-01,2.0,1.1428571428571428,3.142857142857143,0.7142857142857143,0.7142857142857143,1.5714285714285714,4.122448979591836,,,,,0.0
Martinique,1532.215888790282,53,2025-03-25,0.625,1.0,1.625,0.25,0.45,0.875,2.234375,,,,,0.0
Samoa,1529.451900174165,10,2024-11-18,1.625,2.125,3.75,0.75,0.7,1.875,4.1875,,,,,0.0
Bosnia and Herzegovina,1526.556151039024,121,2026-06-24,1.125,1.25,2.375,0.25,0.5,1.125,1.984375,,,,,0.0
Abkhazia,1525.3269756625555,14,2019-06-08,1.0,1.0,2.0,0.375,0.35714285714285715,1.25,2.25,,,,,0.0
Libya,1522.7274142708764,86,2026-03-31,1.125,0.625,1.75,0.25,0.4,1.75,4.1875,,,,,0.0
Zambia,1521.8432165172624,113,2026-03-31,0.625,2.0,2.625,0.5,0.35,0.625,3.234375,,,,,0.0
Uganda,1520.1346978987701,119,2025-12-30,1.125,1.75,2.875,0.625,0.55,1.25,1.109375,,,,,0.0
Gambia,1518.649074417893,78,2026-05-29,2.5,1.75,4.25,0.75,0.65,1.375,3.1875,,,,,0.0
North Macedonia,1518.2512482588895,121,2026-06-01,0.25,2.0,2.25,0.375,0.35,0.625,7.4375,,,,,0.0
Sealand,1515.293771646652,5,2014-08-10,3.2,1.6,4.8,0.8,0.8,2.2,2.96,,,,,0.0
Corsica,1515.2190445138392,3,2017-05-26,1.0,0.6666666666666666,1.6666666666666667,0.0,0.0,1.6666666666666667,0.2222222222222222,,,,,0.0
East Turkestan,1514.4483828567359,2,2019-12-14,4.0,2.5,6.5,1.0,1.0,1.5,12.25,,,,,0.0
Comoros,1512.8094182818515,82,2026-06-09,1.25,0.875,2.125,0.25,0.35,1.5,6.359375,,,,,0.0
French Guiana,1512.7578885791875,60,2024-11-19,1.25,1.5,2.75,0.625,0.5,0.625,3.1875,,,,,0.0
Tajikistan,1512.715813824018,80,2026-06-09,2.375,0.625,3.0,0.625,0.55,2.5,1.5,,,,,0.0
Iceland,1512.2178437102873,150,2026-06-09,0.875,1.875,2.75,0.5,0.7,0.75,1.1875,,,,,0.0
Kyrgyzstan,1511.108322767171,83,2026-06-09,1.0,1.375,2.375,0.375,0.4,0.875,5.234375,,,,,0.0
Kernow,1510.8817603667453,2,2023-07-16,3.5,0.5,4.0,1.0,1.0,3.0,1.0,,,,,0.0
Jersey,1510.1488163409326,2,2017-04-23,1.0,1.0,2.0,0.0,0.0,1.5,0.0,,,,,0.0
Western Armenia,1509.3860148191532,5,2019-06-09,1.6,1.0,2.6,0.4,0.4,1.0,1.8400000000000003,,,,,0.0
Artsakh,1508.2547057860065,5,2019-06-08,1.8,1.6,3.4,0.6,0.6,2.0,1.8400000000000003,,,,,0.0
Nicaragua,1507.60265458195,97,2026-06-05,0.5,2.25,2.75,0.5,0.4,0.5,2.1875,,,,,0.0
Elba Island,1505.6471343054905,2,2022-07-16,4.5,1.0,5.5,1.0,1.0,3.0,0.25,,,,,0.0
Franconia,1504.5529144675497,2,2019-06-25,4.0,2.5,6.5,1.0,1.0,3.0,0.25,,,,,0.0
Matabeleland,1504.117294252526,3,2022-05-25,0.6666666666666666,0.6666666666666666,1.3333333333333333,0.0,0.0,1.3333333333333333,0.2222222222222222,,,,,0.0
Benin,1503.4469196689092,95,2026-06-09,0.75,1.625,2.375,0.375,0.45,1.25,2.984375,,,,,0.0
Somaliland,1500.2322249704112,2,2019-05-04,2.0,4.0,6.0,1.0,1.0,0.5,4.0,,,,,0.0
Ynys Môn,1500.0,1,2019-06-12,7.0,2.0,9.0,1.0,1.0,3.0,0.0,,,,,0.0
Parishes of Jersey,1500.0,1,2018-10-21,2.0,1.0,3.0,1.0,1.0,3.0,0.0,,,,,0.0
Ryūkyū,1500.0,1,2016-11-26,0.0,9.0,9.0,1.0,1.0,0.0,0.0,,,,,0.0
Saint Helena,1500.0,1,2019-06-12,2.0,7.0,9.0,1.0,1.0,0.0,0.0,,,,,0.0
Seborga,1500.0,1,2014-08-10,2.0,3.0,5.0,1.0,1.0,0.0,0.0,,,,,0.0
Yoruba Nation,1500.0,2,2022-05-23,0.5,1.0,1.5,0.0,0.0,0.5,0.25,,,,,0.0
Cascadia,1500.0,1,2019-05-25,6.0,3.0,9.0,1.0,1.0,3.0,0.0,,,,,0.0
United Koreans in Japan,1500.0,1,2016-11-26,9.0,0.0,9.0,1.0,1.0,3.0,0.0,,,,,0.0
Tibet,1500.0,1,2022-08-07,3.0,3.0,6.0,1.0,1.0,1.0,0.0,,,,,0.0
Greenland,1500.0,1,2024-06-01,0.0,5.0,5.0,1.0,1.0,0.0,0.0,,,,,0.0
Surrey,1500.0,1,2018-05-06,3.0,1.0,4.0,1.0,1.0,3.0,0.0,,,,,0.0
Kárpátalja,1499.046867786479,4,2017-06-09,2.25,1.75,4.0,0.75,0.75,1.25,3.5,,,,,0.0
Biafra,1496.0290204107068,3,2022-05-25,0.6666666666666666,0.3333333333333333,1.0,0.0,0.0,2.0,0.0,,,,,0.0
Barawa,1494.159601136026,4,2019-05-25,1.75,4.0,5.75,1.0,1.0,0.75,3.6875,,,,,0.0
Donetsk PR,1491.7942712454492,6,2017-08-31,1.3333333333333333,1.1666666666666667,2.5,0.5,0.5,1.3333333333333333,2.9166666666666665,,,,,0.0
Galicia,1488.6154640471946,2,2024-05-21,0.5,1.5,2.0,0.0,0.0,0.5,0.0,,,,,0.0
Alderney,1487.8746744160221,1,2015-05-31,1.0,9.0,10.0,1.0,1.0,0.0,0.0,,,,,0.0
Luhansk PR,1487.7206808358526,6,2019-12-08,1.5,2.0,3.5,0.5,0.5,1.1666666666666667,4.25,,,,,0.0
West Papua,1485.5516171432641,2,2022-11-13,1.5,4.5,6.0,0.5,0.5,0.5,16.0,,,,,0.0
Ellan Vannin,1484.4281454746797,12,2018-04-29,1.375,1.75,3.125,0.5,0.5833333333333334,1.125,3.609375,,,,,0.0
Niger,1483.2105888846406,94,2026-06-08,1.0,1.0,2.0,0.25,0.4,1.125,2.5,,,,,0.0
North Korea,1482.9308574180486,58,2025-06-10,0.875,2.25,3.125,0.625,0.5,0.25,2.859375,,,,,0.0
American Samoa,1482.8953692311607,5,2024-09-06,1.2,2.4,3.6,0.6,0.6,1.2,2.64,,,,,0.0
El Salvador,1482.526234893378,128,2026-06-06,0.25,1.5,1.75,0.375,0.4,0.5,1.6875,,,,,0.0
Mozambique,1481.3517993276628,93,2026-06-09,0.875,1.625,2.5,0.5,0.55,0.875,2.5,,,,,0.0
Chagos Islands,1481.048943725767,7,2019-12-29,1.1428571428571428,4.428571428571429,5.571428571428571,0.8571428571428571,0.8571428571428571,0.14285714285714285,3.6734693877551026,,,,,0.0
Lebanon,1474.4490939480668,92,2025-11-26,1.5,0.625,2.125,0.5,0.55,1.5,2.359375,,,,,0.0
New Caledonia,1472.3314008686295,26,2026-03-26,1.625,1.25,2.875,0.625,0.6,1.625,1.359375,,,,,0.0
Finland,1470.356514767295,128,2026-06-05,1.0,2.0,3.0,0.75,0.65,0.75,1.5,,,,,0.0
Madagascar,1469.763434232415,75,2026-06-02,2.0,1.625,3.625,0.625,0.55,2.0,2.734375,,,,,0.0
Ticino,1468.545310414226,2,2023-08-06,1.0,6.5,7.5,1.0,1.0,0.0,2.25,,,,,0.0
Guyana,1466.9670993937107,63,2025-06-10,2.125,2.125,4.25,0.75,0.75,1.5,4.4375,,,,,0.0
Felvidék,1465.425653112143,8,2017-06-09,1.0,1.75,2.75,0.375,0.375,1.25,2.4375,,,,,0.0
Tamil Eelam,1464.642795554042,2,2019-12-14,4.0,0.0,4.0,1.0,1.0,3.0,1.0,,,,,0.0
Romani people,1462.010987221266,4,2016-05-16,1.75,2.5,4.25,0.75,0.75,0.75,2.1875,,,,,0.0
Togo,1460.4961582972746,92,2026-06-09,1.25,0.875,2.125,0.25,0.4,1.5,3.359375,,,,,0.0
Kenya,1459.7926558411325,86,2026-06-04,1.25,2.0,3.25,0.625,0.55,1.375,5.4375,,,,,0.0
Vietnam,1458.979247814466,81,2026-03-26,2.125,0.875,3.0,0.625,0.65,2.375,1.5,,,,,0.0
Vanuatu,1457.652524966233,16,2026-06-06,1.25,2.875,4.125,0.75,0.5625,1.125,5.109375,,,,,0.0
Sudan,1456.411347560802,86,2026-01-03,0.5,1.5,2.0,0.375,0.25,0.875,1.5,,,,,0.0
Monaco,1456.261164023015,3,2017-04-29,0.6666666666666666,3.3333333333333335,4.0,0.3333333333333333,0.3333333333333333,1.3333333333333333,18.666666666666668,,,,,0.0
Kuwait,1455.7155357466,91,2026-06-05,1.5,2.125,3.625,0.625,0.55,1.125,2.484375,,,,,0.0
Solomon Islands,1454.5057455949898,29,2024-11-17,1.25,1.625,2.875,0.5,0.6,1.25,1.859375,,,,,0.0
Tanzania,1449.7058197997828,95,2026-01-04,0.75,1.625,2.375,0.25,0.15,0.25,3.484375,,,,,0.0
Saint Barthélemy,1447.7272958318138,8,2023-03-10,3.0,2.375,5.375,0.875,0.875,1.625,3.734375,,,,,0.0
South Ossetia,1447.5834514051446,11,2019-12-08,1.5,1.25,2.75,0.5,0.6363636363636364,1.75,3.9375,,,,,0.0
Sápmi,1446.2004689498208,6,2023-07-16,1.0,2.6666666666666665,3.6666666666666665,0.8333333333333334,0.8333333333333334,0.5,1.888888888888889,,,,,0.0
Belarus,1444.124871724499,121,2026-06-09,1.5,1.75,3.25,0.75,0.5,1.5,3.4375,,,,,0.0
Sierra Leone,1439.5145151851625,69,2026-06-09,1.25,1.0,2.25,0.375,0.45,1.625,1.4375,,,,,0.0
Namibia,1438.344633437038,72,2025-11-17,0.875,1.75,2.625,0.625,0.45,0.875,1.234375,,,,,0.0
Fiji,1438.2397316894453,34,2026-06-06,1.125,2.125,3.25,0.5,0.5,1.0,3.9375,,,,,0.0
Equatorial Guinea,1438.2124839024632,93,2026-06-09,0.625,1.375,2.0,0.25,0.4,0.625,1.0,,,,,0.0
Rwanda,1437.9435204130807,78,2025-10-14,0.25,1.5,1.75,0.125,0.2,0.5,0.4375,,,,,0.0
Tahiti,1436.4501861275253,18,2025-03-21,2.375,1.25,3.625,0.75,0.6111111111111112,1.875,5.984375,,,,,0.0
Mauritania,1435.7851065814361,110,2026-06-08,0.5,1.375,1.875,0.25,0.2,0.75,1.359375,,,,,0.0
Zimbabwe,1434.7173075541564,79,2025-12-29,0.875,1.5,2.375,0.5,0.4,0.625,2.484375,,,,,0.0
Turkmenistan,1432.9756841495805,51,2025-11-18,2.0,1.0,3.0,0.75,0.55,2.0,2.5,,,,,0.0
Vatican City,1432.2566595376009,4,2022-04-22,1.0,2.0,3.0,0.5,0.5,0.5,5.0,,,,,0.0
Two Sicilies,1431.6469626847443,2,2023-07-02,0.5,5.0,5.5,1.0,1.0,0.0,2.25,,,,,0.0
Puerto Rico,1431.0376078954541,56,2026-06-05,0.625,2.375,3.0,0.625,0.7,0.625,2.0,,,,,0.0
Malawi,1428.2347192395273,89,2026-06-09,1.125,0.75,1.875,0.375,0.4,1.5,1.609375,,,,,0.0
Cook Islands,1422.8718261992108,9,2024-09-06,0.5,2.5,3.0,0.375,0.4444444444444444,0.75,8.0,,,,,0.0
Eritrea,1422.353490413937,4,2019-09-10,0.5,2.25,2.75,0.5,0.5,0.0,0.6875,,,,,0.0
Burundi,1419.5391823685302,73,2026-05-26,0.75,1.375,2.125,0.25,0.4,0.875,3.109375,,,,,0.0
Székely Land,1415.5707559421624,16,2023-07-02,2.25,2.375,4.625,1.0,0.875,1.25,1.234375,,,,,0.0
Cuba,1409.722026535843,82,2025-10-11,0.875,2.25,3.125,0.625,0.6,0.75,3.359375,,,,,0.0
Saint Vincent and the Grenadines,1407.8424758892706,69,2025-10-08,2.75,0.875,3.625,0.75,0.7,2.0,3.484375,,,,,0.0
Montenegro,1405.23627448139,112,2026-06-05,1.625,1.75,3.375,0.75,0.55,1.625,1.734375,,,,,0.0
Hong Kong,1405.1491917161748,88,2026-06-09,1.25,1.125,2.375,0.25,0.45,1.5,3.734375,,,,,0.0
Liberia,1402.9621322094283,73,2026-06-09,1.375,1.375,2.75,0.5,0.45,1.125,1.6875,,,,,0.0
Botswana,1399.0101921727469,81,2025-12-30,0.625,1.875,2.5,0.5,0.4,0.5,1.25,,,,,0.0
Tonga,1396.7225330927017,8,2024-09-09,0.75,2.625,3.375,0.875,0.875,0.375,1.484375,,,,,0.0
Papua New Guinea,1382.6775839729687,18,2024-11-17,1.5,3.0,4.5,0.875,0.8333333333333334,1.0,6.25,,,,,0.0
Ethiopia,1381.9146335864314,83,2026-06-09,1.25,1.375,2.625,0.25,0.4,1.25,3.484375,,,,,0.0
Guinea-Bissau,1373.946987502827,81,2026-03-31,0.5,1.5,2.0,0.125,0.3,0.625,1.5,,,,,0.0
India,1373.6081821918456,73,2026-06-09,0.5,1.375,1.875,0.25,0.35,0.375,1.359375,,,,,0.0
Belize,1372.9869377168957,53,2025-06-07,1.125,2.375,3.5,0.625,0.55,1.25,5.0,,,,,0.0
Saint Lucia,1371.679405589209,47,2025-06-10,1.125,2.5,3.625,1.0,0.8,1.5,0.484375,,,,,0.0
Bulgaria,1369.4219857664243,105,2026-06-05,0.625,2.75,3.375,0.75,0.55,0.5,2.734375,,,,,0.0
Kazakhstan,1368.428554178103,112,2026-06-09,1.0,1.75,2.75,0.375,0.45,0.75,2.6875,,,,,0.0
Singapore,1364.7908083796854,99,2026-06-05,1.75,1.375,3.125,0.75,0.8,1.375,0.859375,,,,,0.0
Saint Martin,1364.0306248519796,31,2025-10-05,1.125,2.5,3.625,0.875,0.75,0.75,0.984375,,,,,0.0
Philippines,1364.009201208089,76,2026-06-03,2.625,1.375,4.0,0.75,0.55,2.0,1.75,,,,,0.0
Luxembourg,1363.5558957569053,117,2026-06-06,0.25,1.75,2.0,0.25,0.3,0.375,1.5,,,,,0.0
Bermuda,1362.9371224467886,64,2026-06-06,0.875,3.125,4.0,0.875,0.8,0.5,2.0,,,,,0.0
Grenada,1362.4628920572636,72,2026-05-16,2.125,1.75,3.875,0.625,0.65,1.875,3.109375,,,,,0.0
Lesotho,1360.7899104565681,80,2026-06-04,0.5,1.5,2.0,0.375,0.4,0.75,1.5,,,,,0.0
Congo,1352.6459689991568,78,2025-10-14,0.625,2.125,2.75,0.375,0.45,0.25,2.4375,,,,,0.0
Yemen,1348.6525591717423,63,2025-11-26,3.0,0.75,3.75,0.375,0.4,1.875,13.1875,,,,,0.0
Saint Kitts and Nevis,1347.7248562935151,76,2025-10-05,2.0,2.75,4.75,1.0,0.7,1.125,2.4375,,,,,0.0
Central African Republic,1336.824685184049,65,2026-06-09,0.75,2.0,2.75,0.5,0.55,1.0,2.4375,,,,,0.0
Montserrat,1334.8331857145872,39,2025-06-10,0.5,1.625,2.125,0.375,0.7,0.75,1.859375,,,,,0.0
Armenia,1333.9334863860593,113,2026-06-09,0.75,2.25,3.0,0.375,0.6,0.625,7.5,,,,,0.0
Sint Maarten,1332.3586116822466,33,2024-11-18,1.125,2.625,3.75,0.625,0.7,1.5,4.9375,,,,,0.0
Bonaire,1325.981992503915,30,2026-06-06,0.5,2.0,2.5,0.375,0.5,0.5,2.75,,,,,0.0
Raetia,1321.788160441163,11,2023-08-06,2.75,2.75,5.5,0.875,0.9090909090909091,1.125,3.75,,,,,0.0
Afghanistan,1319.9264174667417,63,2025-10-14,0.375,1.5,1.875,0.25,0.4,0.25,1.359375,,,,,0.0
Eswatini,1316.1216186158108,64,2025-10-13,0.75,2.5,3.25,0.625,0.5,0.5,3.6875,,,,,0.0
Faroe Islands,1315.142755153211,100,2026-03-28,1.625,0.875,2.5,0.625,0.4,2.25,1.5,,,,,0.0
Azerbaijan,1310.790825495816,111,2026-06-09,0.625,2.375,3.0,0.625,0.65,0.5,1.0,,,,,0.0
Estonia,1300.838565705417,128,2025-11-18,1.0,2.375,3.375,0.625,0.7,0.625,3.984375,,,,,0.0
Aruba,1292.6962025888681,46,2026-06-06,1.0,3.125,4.125,0.75,0.65,0.5,4.359375,,,,,0.0
Dominica,1290.4448058262046,48,2025-06-10,0.875,2.5,3.375,0.625,0.55,0.75,8.234375,,,,,0.0
South Sudan,1283.8624775455494,64,2025-11-25,0.25,2.0,2.25,0.375,0.4,0.375,3.4375,,,,,0.0
Chad,1265.0449518219498,44,2025-11-17,1.0,1.875,2.875,0.625,0.4,0.375,2.109375,,,,,0.0
Barbados,1264.9065443508339,70,2025-06-10,2.125,1.75,3.875,0.625,0.8,1.125,8.859375,,,,,0.0
Latvia,1264.4583326405582,105,2025-11-16,0.5,1.5,2.0,0.375,0.35,0.5,3.0,,,,,0.0
Cyprus,1261.4023960900797,111,2026-06-07,1.75,1.5,3.25,0.5,0.6,1.375,2.6875,,,,,0.0
Taiwan,1258.8979017610625,60,2025-11-18,1.125,3.0,4.125,0.875,0.8,0.375,2.359375,,,,,0.0
Bangladesh,1257.088561096054,79,2026-06-05,1.25,1.625,2.875,0.625,0.45,1.125,3.859375,,,,,0.0
Mauritius,1250.8964059605516,46,2025-10-13,0.75,1.625,2.375,0.375,0.5,0.625,3.234375,,,,,0.0
Malta,1249.9409225903973,114,2026-06-05,1.375,1.875,3.25,0.625,0.35,1.25,1.9375,,,,,0.0
Nepal,1246.3599436359457,68,2025-11-18,0.5,1.375,1.875,0.375,0.45,0.375,2.359375,,,,,0.0
Antigua and Barbuda,1245.021146646282,55,2025-06-10,0.25,2.25,2.5,0.5,0.65,0.125,3.0,,,,,0.0
Maldives,1245.0124064954575,55,2025-11-18,0.375,2.375,2.75,0.5,0.6,0.125,1.4375,,,,,0.0
Myanmar,1244.6354311779135,80,2025-10-14,1.125,2.0,3.125,0.625,0.55,1.0,3.859375,,,,,0.0
Mongolia,1241.690474978692,36,2026-06-05,0.625,2.5,3.125,0.625,0.4,0.75,1.109375,,,,,0.0
Lithuania,1241.172065581776,107,2026-03-29,0.75,1.75,2.5,0.375,0.45,0.625,2.0,,,,,0.0
Somalia,1237.9826081052277,24,2025-11-26,0.25,1.5,1.75,0.375,0.6,0.625,1.4375,,,,,0.0
Moldova,1234.2215524541948,127,2026-06-09,1.0,2.125,3.125,0.5,0.4,0.375,1.609375,,,,,0.0
Cambodia,1231.9301471633198,85,2026-06-09,1.625,1.5,3.125,0.75,0.55,1.25,0.859375,,,,,0.0
Pakistan,1230.4206027360353,25,2025-11-18,0.125,2.75,2.875,0.5,0.45,0.25,4.359375,,,,,0.0
Guam,1219.9569968801009,30,2026-06-03,0.625,2.5,3.125,0.75,0.75,0.375,2.609375,,,,,0.0
Sri Lanka,1219.5192786370137,46,2025-11-18,1.125,1.25,2.375,0.5,0.3,1.625,1.484375,,,,,0.0
Cayman Islands,1213.5196042661746,36,2026-06-06,0.5,2.75,3.25,0.5,0.6,0.5,4.1875,,,,,0.0
Laos,1194.7057401236873,53,2025-11-19,0.75,2.75,3.5,0.75,0.6,0.5,1.75,,,,,0.0
Bahamas,1193.968456480662,37,2025-06-07,1.375,4.375,5.75,0.875,0.75,0.5,5.1875,,,,,0.0
Brunei,1191.3071669804756,39,2025-11-18,0.375,2.875,3.25,0.625,0.55,0.5,6.6875,,,,,0.0
São Tomé and Príncipe,1183.1760158242928,43,2025-10-13,0.625,2.5,3.125,0.625,0.6,0.375,2.859375,,,,,0.0
Bhutan,1170.9255125727304,37,2026-06-04,0.375,2.625,3.0,0.5,0.55,0.5,5.25,,,,,0.0
Djibouti,1164.3954338838405,40,2025-11-26,0.5,3.125,3.625,0.625,0.55,0.125,3.984375,,,,,0.0
Timor-Leste,1152.178681795564,46,2025-11-18,0.5,2.125,2.625,0.5,0.7,0.875,3.734375,,,,,0.0
Turks and Caicos Islands,1149.3602617093607,36,2024-10-15,0.625,1.875,2.5,0.5,0.7,0.75,1.5,,,,,0.0
Macau,1138.2902035936872,26,2025-03-19,0.25,2.25,2.5,0.5,0.5,0.125,3.25,,,,,0.0
Seychelles,1136.4476185095914,41,2025-10-14,0.25,4.875,5.125,1.0,0.7,0.0,1.859375,,,,,0.0
United States Virgin Islands,1114.6445249325502,39,2024-10-12,0.875,2.625,3.5,0.75,0.65,0.375,3.25,,,,,0.0
British Virgin Islands,1094.0177048965056,44,2026-06-06,0.625,2.125,2.75,0.5,0.55,0.5,1.9375,,,,,0.0
Andorra,1080.8244547636307,110,2026-06-07,0.375,1.75,2.125,0.375,0.3,0.5,1.859375,,,,,0.0
Anguilla,1072.3096409922546,41,2025-06-07,0.625,2.375,3.0,0.5,0.5,0.375,3.5,,,,,0.0
Gibraltar,1067.5091999328943,106,2026-06-06,1.625,2.0,3.625,0.75,0.55,1.125,2.484375,,,,,0.0
Liechtenstein,939.5992853818967,108,2026-06-07,0.125,3.625,3.75,0.625,0.55,0.0,3.9375,,,,,0.0
San Marino,904.7735230976128,103,2026-06-09,0.5,3.5,4.0,0.75,0.55,0.125,10.0,,,,,0.0
