filter_mode,confidence_threshold,directional_margin,under_confirm_ceiling,over_confirm_floor,max_discrepancy,bets,coverage,accuracy,roi_185,roi_190,roi_200,profit_190,max_losing_streak,over_bets,under_bets,over_accuracy,under_accuracy,avg_confidence
directional_consensus,0.7,0.04,0.46,0.54,,31,0.00425531914893617,0.6774193548387096,0.2532258064516129,0.2870967741935484,0.3548387096774194,8.9,3,0,31,,0.6774193548387096,0.7199327937691152
legacy_discrepancy,0.62,0.05,0.45,0.55,0.12,210,0.028826355525051476,0.6666666666666666,0.23333333333333336,0.2666666666666666,0.3333333333333333,55.99999999999999,5,4,206,0.5,0.6699029126213593,0.6354774301943661
directional_consensus,0.7,0.03,0.47,0.53,,33,0.004529855868222374,0.6666666666666666,0.23333333333333342,0.2666666666666666,0.3333333333333333,8.799999999999997,3,1,32,0.0,0.6875,0.719188998644136
directional_consensus,0.7,0.05,0.45,0.55,,29,0.003980782429649965,0.6551724137931034,0.2120689655172414,0.24482758620689654,0.3103448275862069,7.1,3,0,29,,0.6551724137931034,0.7201521839869371
directional_consensus,0.68,0.04,0.46,0.54,,66,0.009059711736444749,0.6515151515151515,0.20530303030303035,0.2378787878787878,0.30303030303030304,15.699999999999996,3,0,66,,0.6515151515151515,0.7029374108281627
legacy_discrepancy,0.6,0.05,0.45,0.55,0.12,489,0.067124227865477,0.6503067484662577,0.2030674846625767,0.23558282208588954,0.3006134969325153,115.19999999999999,5,10,479,0.7,0.6492693110647182,0.6206808733284535
directional_consensus,0.68,0.03,0.47,0.53,,68,0.009334248455730955,0.6470588235294118,0.1970588235294118,0.22941176470588226,0.29411764705882354,15.599999999999994,3,1,67,0.0,0.6567164179104478,0.7030763156334214
hybrid_both,0.62,0.04,0.46,0.54,0.16,376,0.05161290322580645,0.6462765957446809,0.19561170212765958,0.22792553191489362,0.2925531914893617,85.7,5,3,373,0.3333333333333333,0.6487935656836461,0.639609237087726
hybrid_both,0.62,0.06,0.44,0.56,0.16,306,0.042004118050789296,0.6437908496732027,0.19101307189542485,0.22320261437908492,0.2875816993464052,68.29999999999998,5,1,305,0.0,0.6459016393442623,0.6402661707376491
legacy_discrepancy,0.62,0.05,0.45,0.55,0.16,397,0.0544955387783116,0.6397984886649875,0.18362720403022673,0.21561712846347605,0.2795969773299748,85.6,6,5,392,0.4,0.6428571428571429,0.639270972299427
legacy_discrepancy,0.6,0.05,0.45,0.55,0.16,786,0.10789293067947837,0.6361323155216285,0.17684478371501272,0.20865139949109415,0.272264631043257,164.0,6,24,762,0.7083333333333334,0.6338582677165354,0.6245252741851279
legacy_discrepancy,0.62,0.05,0.45,0.55,0.26,739,0.10144131777625258,0.6359945872801083,0.17658998646820032,0.2083897158322057,0.2719891745602165,154.0,5,36,703,0.8055555555555556,0.6273115220483642,0.6458455804385554
hybrid_both,0.62,0.05,0.45,0.55,0.16,343,0.047083047357584076,0.6355685131195336,0.17580174927113706,0.20758017492711367,0.27113702623906705,71.19999999999999,5,1,342,0.0,0.6374269005847953,0.6400260025629995
directional_consensus,0.68,0.05,0.45,0.55,,63,0.008647906657515443,0.6349206349206349,0.17460317460317462,0.2063492063492063,0.2698412698412698,12.999999999999998,3,0,63,,0.6349206349206349,0.702830496204646
hybrid_both,0.62,0.04,0.46,0.54,0.18,451,0.06190803019903912,0.6341463414634146,0.1731707317073171,0.2048780487804878,0.2682926829268293,92.39999999999999,5,3,448,0.3333333333333333,0.6361607142857143,0.6414975118669936
directional_consensus,0.68,0.07,0.43,0.57,,30,0.004118050789293068,0.6333333333333333,0.1716666666666667,0.2033333333333333,0.26666666666666666,6.1,3,0,30,,0.6333333333333333,0.7051238791141871
legacy_discrepancy,0.6,0.05,0.45,0.55,0.26,1265,0.17364447494852436,0.6324110671936759,0.16996047430830044,0.20158102766798414,0.2648221343873518,254.99999999999994,7,96,1169,0.78125,0.6201881950384944,0.6308077023244143
legacy_discrepancy,0.62,0.05,0.45,0.55,0.18,483,0.0663006177076184,0.6314699792960663,0.16821946169772256,0.1997929606625259,0.2629399585921325,96.5,5,7,476,0.5714285714285714,0.6323529411764706,0.6409164728152027
legacy_discrepancy,0.6,0.05,0.45,0.55,0.18,918,0.1260123541523679,0.630718954248366,0.16683006535947717,0.1983660130718954,0.26143790849673204,182.09999999999997,6,32,886,0.75,0.626410835214447,0.6259690752645596
legacy_discrepancy,0.58,0.05,0.45,0.55,0.12,854,0.11722717913520933,0.629976580796253,0.16545667447306792,0.19695550351288055,0.25995316159250587,168.2,9,26,828,0.7307692307692307,0.6268115942028986,0.6073360254202437
hybrid_both,0.62,0.06,0.44,0.56,0.18,351,0.04818119423472889,0.6296296296296297,0.16481481481481486,0.19629629629629622,0.25925925925925924,68.89999999999998,5,1,350,0.0,0.6314285714285715,0.6423695000154293
hybrid_both,0.6,0.06,0.44,0.56,0.16,515,0.07069320521619767,0.629126213592233,0.1638834951456311,0.19533980582524268,0.258252427184466,100.59999999999998,5,3,512,0.3333333333333333,0.630859375,0.6281240838908294
directional_consensus,0.62,0.04,0.46,0.54,,652,0.08949897048730268,0.6288343558282209,0.16334355828220865,0.19478527607361965,0.25766871165644173,127.0,5,4,648,0.5,0.6296296296296297,0.6477968067456255
directional_consensus,0.62,0.03,0.47,0.53,,694,0.09526424159231298,0.6282420749279539,0.16224783861671474,0.19365994236311235,0.2564841498559078,134.39999999999998,5,7,687,0.42857142857142855,0.6302765647743813,0.6475209213327764
legacy_discrepancy,0.6,0.05,0.45,0.55,0.22,1116,0.15319148936170213,0.6281362007168458,0.16205197132616492,0.19345878136200712,0.25627240143369173,215.89999999999995,8,59,1057,0.7966101694915254,0.618732261116367,0.6289841140039371
directional_consensus,0.62,0.05,0.45,0.55,,560,0.07687028140013727,0.6267857142857143,0.15955357142857146,0.19089285714285711,0.25357142857142856,106.89999999999998,5,2,558,0.5,0.6272401433691757,0.6488221230116464
hybrid_both,0.6,0.04,0.46,0.54,0.16,693,0.09512697323266987,0.6262626262626263,0.15858585858585864,0.18989898989898985,0.25252525252525254,131.59999999999997,6,8,685,0.5,0.6277372262773723,0.6258776056501698
directional_consensus,0.6,0.03,0.47,0.53,,1109,0.15223061084420042,0.6257889990982868,0.15770964833183052,0.18899909828674477,0.2515779981965735,209.59999999999997,7,15,1094,0.5333333333333333,0.6270566727605119,0.6334039202691674
hybrid_both,0.62,0.05,0.45,0.55,0.18,411,0.05641729581331503,0.6253041362530414,0.15681265206812653,0.18807785888077858,0.25060827250608275,77.3,5,1,410,0.0,0.6268292682926829,0.6419116718883333
legacy_discrepancy,0.62,0.05,0.45,0.55,0.22,629,0.08634179821551133,0.6248012718600954,0.1558823529411765,0.1871224165341812,0.24960254372019078,117.69999999999997,5,18,611,0.7222222222222222,0.6219312602291326,0.6440175331071317
directional_consensus,0.62,0.06,0.44,0.56,,438,0.06012354152367879,0.6232876712328768,0.15308219178082194,0.18424657534246572,0.2465753424657534,80.69999999999999,5,2,436,0.5,0.6238532110091743,0.6486215717916687
directional_consensus,0.68,0.06,0.44,0.56,,45,0.0061770761839396015,0.6222222222222222,0.15111111111111114,0.1822222222222222,0.24444444444444444,8.2,3,0,45,,0.6222222222222222,0.7039216905938426
hybrid_both,0.6,0.06,0.44,0.56,0.18,560,0.07687028140013727,0.6214285714285714,0.14964285714285722,0.18071428571428563,0.24285714285714285,101.19999999999996,6,3,557,0.3333333333333333,0.6229802513464991,0.6304181240419144
legacy_discrepancy,0.6,0.05,0.45,0.55,0.2,1019,0.1398764584763212,0.6211972522080471,0.14921491658488714,0.18027477919528948,0.2423945044160942,183.7,7,42,977,0.7619047619047619,0.6151484135107472,0.6276539119284339
hybrid_both,0.58,0.06,0.44,0.56,0.16,676,0.09279341111873714,0.6198224852071006,0.1466715976331361,0.17766272189349108,0.23964497041420119,120.09999999999997,8,6,670,0.6666666666666666,0.6194029850746269,0.6191440246055135
hybrid_both,0.62,0.04,0.46,0.54,0.22,568,0.07796842827728209,0.6197183098591549,0.14647887323943665,0.17746478873239432,0.23943661971830985,100.79999999999998,5,4,564,0.5,0.6205673758865248,0.6447293731038468
hybrid_both,0.6,0.04,0.46,0.54,0.18,794,0.1089910775566232,0.6196473551637279,0.1463476070528968,0.1773299748110831,0.23929471032745592,140.79999999999998,6,8,786,0.5,0.6208651399491094,0.6277307721766716
directional_consensus,0.7,0.06,0.44,0.56,,21,0.0028826355525051477,0.6190476190476191,0.14523809523809528,0.17619047619047615,0.23809523809523808,3.6999999999999993,3,0,21,,0.6190476190476191,0.7216936415018044
legacy_discrepancy,0.62,0.05,0.45,0.55,0.2,556,0.07632120796156486,0.6187050359712231,0.1446043165467626,0.17553956834532372,0.23741007194244604,97.6,5,11,545,0.6363636363636364,0.618348623853211,0.6427865937467675
hybrid_both,0.62,0.06,0.44,0.56,0.22,408,0.056005490734385724,0.6176470588235294,0.14264705882352943,0.17352941176470585,0.23529411764705882,70.79999999999998,5,2,406,0.5,0.6182266009852216,0.6459066684692644
legacy_discrepancy,0.58,0.05,0.45,0.55,0.16,1263,0.17336993822923816,0.6175771971496437,0.1425178147268409,0.173396674584323,0.23515439429928742,218.99999999999994,10,53,1210,0.7358490566037735,0.6123966942148761,0.6112360132657675
legacy_discrepancy,0.58,0.05,0.45,0.55,0.26,1901,0.2609471516815374,0.6175697001578117,0.14250394529195162,0.17338243029984218,0.23513940031562336,329.59999999999997,9,188,1713,0.723404255319149,0.6059544658493871,0.6169443764109162
hybrid_both,0.6,0.05,0.45,0.55,0.16,617,0.0846945778997941,0.6175040518638574,0.14238249594813618,0.17325769854132897,0.23500810372771475,106.89999999999998,6,4,613,0.5,0.6182707993474714,0.6266320675651083
directional_consensus,0.6,0.06,0.44,0.56,,648,0.08894989704873027,0.6172839506172839,0.14197530864197536,0.17283950617283947,0.2345679012345679,111.99999999999997,6,4,644,0.5,0.6180124223602484,0.6362085080348526
directional_consensus,0.6,0.04,0.46,0.54,,1011,0.1387783115991764,0.6172106824925816,0.141839762611276,0.17270029673590503,0.2344213649851632,174.6,7,9,1002,0.5555555555555556,0.6177644710578842,0.6343142751283782
legacy_discrepancy,0.58,0.05,0.45,0.55,0.18,1426,0.19574468085106383,0.6171107994389902,0.1416549789621319,0.17251051893408131,0.23422159887798036,245.99999999999994,8,66,1360,0.7575757575757576,0.6102941176470589,0.6129776751342437
legacy_discrepancy,0.64,0.05,0.45,0.55,0.26,360,0.04941660947151681,0.6166666666666667,0.14083333333333337,0.1716666666666666,0.23333333333333334,61.79999999999998,6,14,346,0.6428571428571429,0.615606936416185,0.6635758379706631
legacy_discrepancy,0.7,0.05,0.45,0.55,0.26,26,0.0035689773507206588,0.6153846153846154,0.13846153846153852,0.16923076923076918,0.23076923076923078,4.399999999999999,3,1,25,0.0,0.64,0.7189490814484233
directional_consensus,0.64,0.03,0.47,0.53,,356,0.04886753603294441,0.6151685393258427,0.138061797752809,0.16882022471910108,0.2303370786516854,60.09999999999999,6,3,353,0.3333333333333333,0.6175637393767706,0.6651685217345231
directional_consensus,0.6,0.05,0.45,0.55,,849,0.11654083733699382,0.6148409893992933,0.1374558303886926,0.16819787985865722,0.22968197879858657,142.79999999999998,7,5,844,0.6,0.6149289099526066,0.6356204334794708
hybrid_both,0.58,0.06,0.44,0.56,0.18,721,0.09897048730267673,0.6144244105409153,0.13668515950069351,0.16740638002773922,0.2288488210818308,120.69999999999997,6,6,715,0.6666666666666666,0.6139860139860139,0.6214862786310986
hybrid_both,0.62,0.05,0.45,0.55,0.22,502,0.06890871654083734,0.6135458167330677,0.13505976095617533,0.16573705179282866,0.22709163346613545,83.19999999999999,5,2,500,0.5,0.614,0.6454546775455356
hybrid_both,0.6,0.06,0.44,0.56,0.22,618,0.0848318462594372,0.6132686084142395,0.1345469255663431,0.16521035598705497,0.22653721682847897,102.09999999999997,6,4,614,0.5,0.6140065146579805,0.633813568765847
legacy_discrepancy,0.58,0.05,0.45,0.55,0.22,1696,0.23280713795470145,0.6132075471698113,0.13443396226415097,0.1650943396226415,0.22641509433962265,280.0,9,116,1580,0.75,0.6031645569620253,0.6154623505684678
hybrid_both,0.6,0.05,0.45,0.55,0.18,695,0.09540150995195608,0.6129496402877698,0.13395683453237414,0.16460431654676255,0.22589928057553957,114.39999999999998,6,4,691,0.5,0.613603473227207,0.6288428810033412
directional_consensus,0.58,0.03,0.47,0.53,,1511,0.2074124914207275,0.6128391793514228,0.13375248180013238,0.16439444076770346,0.2256783587028458,248.39999999999992,8,25,1486,0.64,0.6123822341857336,0.6218569792492021
hybrid_both,0.58,0.04,0.46,0.54,0.16,1028,0.14111187371310913,0.6118677042801557,0.13195525291828797,0.1625486381322957,0.2237354085603113,167.09999999999997,8,15,1013,0.6666666666666666,0.6110562685093781,0.614204238917798
directional_consensus,0.58,0.06,0.44,0.56,,809,0.11105010295126973,0.6118665018541409,0.13195302843016074,0.1625463535228677,0.22373300370828184,131.49999999999997,7,7,802,0.7142857142857143,0.6109725685785536,0.6270958845934913
hybrid_both,0.58,0.05,0.45,0.55,0.16,865,0.11873713109128346,0.6104046242774567,0.12924855491329484,0.1597687861271676,0.2208092485549133,138.2,8,9,856,0.7777777777777778,0.6086448598130841,0.6162462545163119
legacy_discrepancy,0.68,0.05,0.45,0.55,0.26,59,0.008098833218943034,0.6101694915254238,0.12881355932203392,0.15932203389830507,0.22033898305084745,9.399999999999999,3,2,57,0.5,0.6140350877192983,0.7014850520642216
hybrid_both,0.6,0.04,0.46,0.54,0.22,926,0.12711050102951268,0.6101511879049676,0.1287796976241901,0.15928725701943844,0.2203023758099352,147.5,7,9,917,0.5555555555555556,0.6106870229007634,0.6312257768606131
directional_consensus,0.58,0.05,0.45,0.55,,1097,0.15058339052848319,0.609845031905196,0.12821330902461262,0.15870556061987234,0.21969006381039197,174.09999999999997,7,10,1087,0.8,0.6080956761729531,0.6253990633482304
hybrid_both,0.58,0.04,0.46,0.54,0.18,1131,0.15525051475634866,0.6091954022988506,0.12701149425287359,0.15747126436781606,0.21839080459770116,178.09999999999997,7,15,1116,0.6666666666666666,0.6084229390681004,0.6165195155083929
legacy_discrepancy,0.58,0.05,0.45,0.55,0.2,1568,0.21523678792038436,0.6090561224489796,0.12675382653061226,0.1572066326530612,0.2181122448979592,246.49999999999997,9,87,1481,0.7586206896551724,0.600270087778528,0.6142792346499915
directional_consensus,0.58,0.04,0.46,0.54,,1348,0.18503774879890186,0.6090504451038575,0.12674332344213654,0.15719584569732933,0.21810089020771514,211.89999999999995,8,16,1332,0.6875,0.6081081081081081,0.6232619221709983
directional_consensus,0.62,0.07,0.43,0.57,,312,0.04282772820864791,0.6089743589743589,0.12660256410256415,0.157051282051282,0.21794871794871795,48.999999999999986,4,2,310,0.5,0.6096774193548387,0.6481090494632884
hybrid_both,0.58,0.06,0.44,0.56,0.22,779,0.10693205216197667,0.6084724005134788,0.12567394094993584,0.1560975609756097,0.21694480102695765,121.59999999999997,7,7,772,0.7142857142857143,0.6075129533678757,0.6248449845017247
legacy_discrepancy,0.56,0.05,0.45,0.55,0.26,2743,0.3765271105010295,0.6084578928180824,0.12564710171345245,0.1560699963543565,0.2169157856361648,428.0999999999999,10,367,2376,0.6866485013623979,0.5963804713804713,0.6024317895549727
hybrid_both,0.58,0.05,0.45,0.55,0.18,943,0.12944406314344545,0.6076352067868505,0.12412513255567341,0.1545068928950159,0.21527041357370094,145.7,7,9,934,0.7777777777777778,0.6059957173447538,0.6187347049483138
directional_consensus,0.54,0.06,0.44,0.56,,861,0.11818805765271105,0.6074332171893148,0.12375145180023234,0.15412311265969797,0.2148664343786295,132.69999999999996,6,9,852,0.6666666666666666,0.6068075117370892,0.6239383676607948
directional_consensus,0.56,0.06,0.44,0.56,,861,0.11818805765271105,0.6074332171893148,0.12375145180023234,0.15412311265969797,0.2148664343786295,132.69999999999996,6,9,852,0.6666666666666666,0.6068075117370892,0.6239383676607948
directional_consensus,0.64,0.04,0.46,0.54,,336,0.04612216884008236,0.6071428571428571,0.12321428571428575,0.15357142857142853,0.21428571428571427,51.59999999999999,6,2,334,0.5,0.6077844311377245,0.6654590045405226
directional_consensus,0.54,0.03,0.47,0.53,,2073,0.284557309540151,0.6058851905451037,0.12088760250844191,0.15118186203569706,0.21177038109020743,313.4,7,41,2032,0.6341463414634146,0.6053149606299213,0.6064243555924644
directional_consensus,0.56,0.03,0.47,0.53,,1893,0.2598490048043926,0.6053882725832013,0.11996830427892236,0.1502377179080824,0.21077654516640254,284.4,7,34,1859,0.6470588235294118,0.6046261430876816,0.61159197607576
hybrid_both,0.6,0.05,0.45,0.55,0.22,790,0.10844200411805079,0.6050632911392405,0.11936708860759496,0.14962025316455696,0.21012658227848102,118.19999999999999,7,5,785,0.6,0.6050955414012739,0.6325318715933009
directional_consensus,0.6,0.07,0.43,0.57,,450,0.06177076183939602,0.6044444444444445,0.11822222222222226,0.1484444444444444,0.2088888888888889,66.79999999999998,5,3,447,0.6666666666666666,0.6040268456375839,0.6367151024712605
directional_consensus,0.58,0.07,0.43,0.57,,528,0.07247769389155799,0.6041666666666666,0.11770833333333337,0.14791666666666664,0.20833333333333334,78.09999999999998,6,4,524,0.75,0.6030534351145038,0.630044072461278
legacy_discrepancy,0.56,0.05,0.45,0.55,0.18,2133,0.29279341111873713,0.6038443506797937,0.1171120487576184,0.14730426629160803,0.20768870135958745,314.19999999999993,8,164,1969,0.6890243902439024,0.5967496190959878,0.5986739208139974
legacy_discrepancy,0.56,0.05,0.45,0.55,0.22,2481,0.3405628002745367,0.60378879484079,0.11700927045546153,0.14719871019750094,0.20757758968158002,365.1999999999998,8,258,2223,0.689922480620155,0.5937921727395412,0.6009764266212866
directional_consensus,0.54,0.07,0.43,0.57,,537,0.07371310912834592,0.6033519553072626,0.11620111731843578,0.14636871508379887,0.20670391061452514,78.6,6,4,533,0.75,0.6022514071294559,0.6291640917619405
directional_consensus,0.56,0.07,0.43,0.57,,537,0.07371310912834592,0.6033519553072626,0.11620111731843578,0.14636871508379887,0.20670391061452514,78.6,6,4,533,0.75,0.6022514071294559,0.6291640917619405
hybrid_both,0.58,0.04,0.46,0.54,0.22,1263,0.17336993822923816,0.6033254156769596,0.11615201900237533,0.14631828978622324,0.20665083135391923,184.79999999999995,8,16,1247,0.6875,0.6022453889334403,0.6202536882855446
legacy_discrepancy,0.56,0.05,0.45,0.55,0.12,1379,0.189293067947838,0.602610587382161,0.11482958665699786,0.14496011602610584,0.20522117476432197,199.89999999999995,8,70,1309,0.6142857142857143,0.6019862490450726,0.5931239061035889
hybrid_both,0.58,0.05,0.45,0.55,0.22,1038,0.14248455730954016,0.6021194605009634,0.11392100192678227,0.14402697495183045,0.20423892100192678,149.5,7,10,1028,0.8,0.6001945525291829,0.622467440296383
legacy_discrepancy,0.56,0.05,0.45,0.55,0.16,1915,0.26286890871654084,0.6015665796344648,0.11289817232375982,0.142976501305483,0.2031331592689295,273.79999999999995,8,129,1786,0.6821705426356589,0.5957446808510638,0.5971434408927816
directional_consensus,0.54,0.05,0.45,0.55,,1248,0.17131091283459163,0.6009615384615384,0.1117788461538462,0.14182692307692304,0.20192307692307693,176.99999999999994,10,13,1235,0.7692307692307693,0.5991902834008097,0.6188433959079293
legacy_discrepancy,0.56,0.05,0.45,0.55,0.2,2319,0.31832532601235414,0.6006899525657611,0.11127641224665807,0.14131090987494607,0.2013799051315222,327.69999999999993,8,202,2117,0.693069306930693,0.5918752952290978,0.5998589133697265
directional_consensus,0.54,0.04,0.46,0.54,,1669,0.2291008922443377,0.6003594967046135,0.11066506890353507,0.1406830437387657,0.20071899340922708,234.79999999999995,7,22,1647,0.7272727272727273,0.5986642380085003,0.6126895958165933
directional_consensus,0.56,0.05,0.45,0.55,,1235,0.1695264241592313,0.6,0.11000000000000004,0.13999999999999996,0.2,172.89999999999995,10,12,1223,0.75,0.598528209321341,0.6194894199281874
directional_consensus,0.56,0.04,0.46,0.54,,1606,0.22045298558682225,0.5990037359900373,0.10815691158156915,0.13810709838107096,0.1980074719800747,221.79999999999995,7,20,1586,0.7,0.5977301387137453,0.6149664245819834
directional_consensus,0.66,0.03,0.47,0.53,,174,0.023884694577899795,0.5977011494252874,0.10574712643678164,0.13563218390804596,0.19540229885057472,23.599999999999998,5,1,173,0.0,0.6011560693641619,0.6822868603342123
legacy_discrepancy,0.66,0.05,0.45,0.55,0.26,171,0.023472889498970487,0.5964912280701754,0.10350877192982458,0.1333333333333333,0.19298245614035087,22.799999999999994,6,6,165,0.5,0.6,0.6800323035155262
legacy_discrepancy,0.66,0.05,0.45,0.55,0.16,47,0.0064516129032258064,0.5957446808510638,0.1021276595744681,0.13191489361702127,0.19148936170212766,6.199999999999999,4,0,47,,0.5957446808510638,0.6753324324999709
legacy_discrepancy,0.54,0.05,0.45,0.55,0.26,3730,0.5120109814687714,0.5946380697050938,0.10008042895442361,0.12981233243967827,0.18927613941018767,484.19999999999993,9,646,3084,0.6346749226006192,0.5862516212710766,0.5884471269090723
legacy_discrepancy,0.54,0.05,0.45,0.55,0.18,2960,0.40631434454358273,0.591554054054054,0.09437500000000004,0.12395270270270266,0.1831081081081081,366.89999999999986,8,348,2612,0.6264367816091954,0.586906584992343,0.5849537379079782
legacy_discrepancy,0.54,0.05,0.45,0.55,0.12,1984,0.2723404255319149,0.5912298387096774,0.09377520161290324,0.12333669354838708,0.18245967741935484,244.69999999999996,8,152,1832,0.6118421052631579,0.5895196506550219,0.5798636607874159
legacy_discrepancy,0.64,0.05,0.45,0.55,0.22,286,0.039258750857927245,0.5909090909090909,0.09318181818181823,0.12272727272727271,0.18181818181818182,35.099999999999994,7,6,280,0.5,0.5928571428571429,0.6621040119905602
legacy_discrepancy,0.54,0.05,0.45,0.55,0.22,3413,0.468496911461908,0.5906826838558453,0.09276296513331381,0.12229709932610607,0.1813653677116906,417.4,9,501,2912,0.6307385229540918,0.5837912087912088,0.5869368533160813
directional_consensus,0.66,0.04,0.46,0.54,,166,0.022786547700754976,0.5903614457831325,0.09216867469879522,0.12168674698795179,0.18072289156626506,20.199999999999996,5,0,166,,0.5903614457831325,0.682503596579886
directional_consensus,0.64,0.05,0.45,0.55,,295,0.04049416609471517,0.5898305084745763,0.09118644067796615,0.12067796610169487,0.17966101694915254,35.59999999999999,9,1,294,1.0,0.5884353741496599,0.6663693875898974
legacy_discrepancy,0.54,0.05,0.45,0.55,0.16,2671,0.36664378860672614,0.5892923998502434,0.09019093972295024,0.11965555971546234,0.1785847997004867,319.5999999999999,8,271,2400,0.6236162361623616,0.5854166666666667,0.5836878660885024
legacy_discrepancy,0.54,0.05,0.45,0.55,0.2,3199,0.43912148249828414,0.5889340418880901,0.08952797749296658,0.11897467958737103,0.17786808377618005,380.5999999999999,8,415,2784,0.6265060240963856,0.5833333333333334,0.5860112989473419
legacy_discrepancy,0.64,0.05,0.45,0.55,0.16,145,0.01990391214824983,0.5862068965517241,0.08448275862068971,0.11379310344827581,0.1724137931034483,16.499999999999993,6,1,144,0.0,0.5902777777777778,0.6572722386382095
hybrid_both,0.64,0.04,0.46,0.54,0.16,139,0.019080301990391214,0.5827338129496403,0.07805755395683454,0.10719424460431654,0.16546762589928057,14.899999999999999,6,1,138,0.0,0.5869565217391305,0.6576948786524948
legacy_discrepancy,0.64,0.05,0.45,0.55,0.12,55,0.0075497597803706245,0.5818181818181818,0.07636363636363638,0.10545454545454544,0.16363636363636364,5.799999999999999,5,0,55,,0.5818181818181818,0.6551716900230461
directional_consensus,0.66,0.05,0.45,0.55,,152,0.020864790665751545,0.5789473684210527,0.0710526315789474,0.09999999999999998,0.15789473684210525,15.199999999999996,5,0,152,,0.5789473684210527,0.6829976345562586
hybrid_both,0.64,0.04,0.46,0.54,0.22,266,0.0365133836650652,0.5789473684210527,0.07105263157894742,0.09999999999999995,0.15789473684210525,26.599999999999987,7,2,264,0.5,0.5795454545454546,0.6625045985947299
legacy_discrepancy,0.64,0.05,0.45,0.55,0.18,197,0.027041866849691145,0.5786802030456852,0.07055837563451782,0.09949238578680196,0.15736040609137056,19.599999999999987,6,1,196,0.0,0.5816326530612245,0.6582280523488925
directional_consensus,0.66,0.06,0.44,0.56,,116,0.01592312971859986,0.5775862068965517,0.06853448275862072,0.09741379310344823,0.15517241379310345,11.299999999999995,5,0,116,,0.5775862068965517,0.6828009818358936
hybrid_both,0.64,0.06,0.44,0.56,0.16,116,0.01592312971859986,0.5775862068965517,0.06853448275862073,0.09741379310344823,0.15517241379310345,11.299999999999995,5,0,116,,0.5775862068965517,0.6581653512260172
directional_consensus,0.64,0.06,0.44,0.56,,227,0.031159917638984215,0.5726872246696035,0.05947136563876656,0.08810572687224665,0.14537444933920704,19.99999999999999,8,1,226,1.0,0.5707964601769911,0.6663208529218904
legacy_discrepancy,0.64,0.05,0.45,0.55,0.2,243,0.03335621139327385,0.5720164609053497,0.05823045267489714,0.08683127572016458,0.1440329218106996,21.099999999999994,5,4,239,0.5,0.5732217573221757,0.6605140222586828
hybrid_both,0.64,0.04,0.46,0.54,0.18,189,0.02594371997254633,0.5714285714285714,0.05714285714285717,0.08571428571428567,0.14285714285714285,16.199999999999992,7,1,188,0.0,0.574468085106383,0.6587142108950684
legacy_discrepancy,0.66,0.05,0.45,0.55,0.12,14,0.0019217570350034316,0.5714285714285714,0.0571428571428572,0.08571428571428566,0.14285714285714285,1.1999999999999993,2,0,14,,0.5714285714285714,0.6743477829512683
hybrid_both,0.64,0.05,0.45,0.55,0.16,128,0.01757035003431709,0.5703125,0.05507812500000005,0.08359374999999995,0.140625,10.699999999999994,6,0,128,,0.5703125,0.6582653874496068
directional_consensus,0.7,0.07,0.43,0.57,,16,0.002196293754289636,0.5625,0.04062500000000005,0.06874999999999995,0.125,1.0999999999999992,3,0,16,,0.5625,0.7200503146765259
hybrid_both,0.64,0.05,0.45,0.55,0.18,174,0.023884694577899795,0.5574712643678161,0.031321839080459817,0.05919540229885053,0.11494252873563218,10.299999999999992,7,0,174,,0.5574712643678161,0.6591029083355863
hybrid_both,0.64,0.06,0.44,0.56,0.18,149,0.020452985586822237,0.5570469798657718,0.030536912751677893,0.058389261744966406,0.11409395973154363,8.699999999999994,6,0,149,,0.5570469798657718,0.6598576873914047
hybrid_both,0.64,0.05,0.45,0.55,0.22,239,0.03280713795470144,0.5564853556485355,0.02949790794979082,0.057322175732217526,0.11297071129707113,13.699999999999989,9,1,238,1.0,0.5546218487394958,0.6632662497987548
legacy_discrepancy,0.66,0.05,0.45,0.55,0.22,126,0.017295813315030887,0.5555555555555556,0.02777777777777782,0.055555555555555525,0.1111111111111111,6.9999999999999964,6,2,124,0.0,0.5645161290322581,0.6792362049367463
hybrid_both,0.64,0.06,0.44,0.56,0.22,197,0.027041866849691145,0.5532994923857868,0.023604060913705614,0.051269035532994896,0.1065989847715736,10.099999999999994,8,1,196,1.0,0.5510204081632653,0.6633934309846602
directional_consensus,0.66,0.07,0.43,0.57,,80,0.01098146877144818,0.55,0.017500000000000033,0.04499999999999997,0.1,3.5999999999999974,6,0,80,,0.55,0.683086604394508
legacy_discrepancy,0.68,0.05,0.45,0.55,0.22,40,0.00549073438572409,0.55,0.01750000000000005,0.04499999999999995,0.1,1.799999999999998,3,1,39,0.0,0.5641025641025641,0.7005921304682863
legacy_discrepancy,0.66,0.05,0.45,0.55,0.18,68,0.009334248455730955,0.5441176470588235,0.006617647058823591,0.03382352941176464,0.08823529411764706,2.299999999999996,4,0,68,,0.5441176470588235,0.6765089488007976
directional_consensus,0.64,0.07,0.43,0.57,,153,0.021002059025394648,0.5424836601307189,0.0035947712418301077,0.030718954248365973,0.08496732026143791,4.699999999999994,6,1,152,1.0,0.5394736842105263,0.6670023594238456
legacy_discrepancy,0.68,0.05,0.45,0.55,0.2,30,0.004118050789293068,0.5333333333333333,-0.013333333333333286,0.013333333333333286,0.06666666666666667,0.3999999999999986,3,0,30,,0.5333333333333333,0.696833853120124
legacy_discrepancy,0.68,0.05,0.45,0.55,0.18,19,0.002608098833218943,0.5263157894736842,-0.026315789473684164,-4.674623261579606e-17,0.05263157894736842,-8.881784197001252e-16,5,0,19,,0.5263157894736842,0.694292986434412
legacy_discrepancy,0.66,0.05,0.45,0.55,0.2,99,0.013589567604667124,0.5252525252525253,-0.02828282828282825,-0.0020202020202020536,0.050505050505050504,-0.2000000000000033,5,1,98,0.0,0.5306122448979592,0.6778861732892772
legacy_discrepancy,0.7,0.05,0.45,0.55,0.22,18,0.0024708304735758407,0.5,-0.07499999999999996,-0.050000000000000044,0.0,-0.9000000000000008,3,1,17,0.0,0.5294117647058824,0.7158692105602791
legacy_discrepancy,0.68,0.05,0.45,0.55,0.16,12,0.0016472203157172271,0.5,-0.07499999999999996,-0.050000000000000044,0.0,-0.6000000000000005,3,0,12,,0.5,0.6906565225302769
legacy_discrepancy,0.7,0.05,0.45,0.55,0.2,9,0.0012354152367879203,0.3333333333333333,-0.3833333333333333,-0.3666666666666667,-0.3333333333333333,-3.3000000000000003,4,0,9,,0.3333333333333333,0.7167409805718606
legacy_discrepancy,0.7,0.05,0.45,0.55,0.18,6,0.0008236101578586136,0.3333333333333333,-0.3833333333333333,-0.3666666666666667,-0.3333333333333333,-2.2,3,0,6,,0.3333333333333333,0.7131803299218076
legacy_discrepancy,0.68,0.05,0.45,0.55,0.12,3,0.0004118050789293068,0.3333333333333333,-0.3833333333333333,-0.3666666666666667,-0.3333333333333333,-1.1,2,0,3,,0.3333333333333333,0.6967217314523548
legacy_discrepancy,0.7,0.05,0.45,0.55,0.16,3,0.0004118050789293068,0.3333333333333333,-0.3833333333333333,-0.3666666666666667,-0.3333333333333333,-1.1,1,0,3,,0.3333333333333333,0.7053941097949744
legacy_discrepancy,0.7,0.05,0.45,0.55,0.12,1,0.00013726835964310226,0.0,-1.0,-1.0,-1.0,-1.0,1,0,1,,0.0,0.7037119030538364
